{"topic": "/APaCKV/GNSSINS/corrimu", "msg": {"header": {"seq": 243508, "stamp": {"secs": 1748963514, "nsecs": 669762287}, "frame_id": "gps"}, "nov_header": {"message_name": "CORRIMU", "message_id": 2264, "message_type": 0, "sequence_number": 0}, "imu_data_count": 2, "pitch_rate": -3.628530880520603e-06, "roll_rate": 0.00031727267272905536, "yaw_rate": -0.0005106103178991264, "lateral_acc": 0.006280752508272589, "longitudinal_acc": -0.013003980931037728, "vertical_acc": -0.003730538888022361}, "timestamp": 1748963515657065651}
